run_number,subrun_index,analysis_set,specimen,wire,measurement_direction,measurement_position,two_theta_min_deg,two_theta_max_deg,d_spacing_angstrom,d_spacing_uncertainty_angstrom
4384,1,axial-residual-strain,A36 Fe reference rod,,reference,orientation point 1,80.0,82.5,1.1744208649811676,4.1250813383410585e-05
4384,2,axial-residual-strain,A36 Fe reference rod,,reference,orientation point 2,80.0,82.5,1.1743507549836485,4.127377749131031e-05
4384,3,axial-residual-strain,A36 Fe reference rod,,reference,orientation point 3,80.0,82.5,1.1743363916010958,4.161562003752413e-05
4384,4,axial-residual-strain,A36 Fe reference rod,,reference,orientation point 4,80.0,82.5,1.174374831049348,4.115136679660491e-05
4384,5,axial-residual-strain,A36 Fe reference rod,,reference,orientation point 5,80.0,82.5,1.1743372076895,4.009829080591689e-05
4384,6,axial-residual-strain,A36 Fe reference rod,,reference,orientation point 6,80.0,82.5,1.1742709463625158,4.6566658014045827e-05
4384,7,axial-residual-strain,A36 Fe reference rod,,reference,orientation point 7,80.0,82.5,1.174345042217118,4.67122998791731e-05
4384,8,axial-residual-strain,A36 Fe reference rod,,reference,orientation point 8,80.0,82.5,1.1742819620072444,4.422786016875516e-05
4384,9,axial-residual-strain,A36 Fe reference rod,,reference,orientation point 9,80.0,82.5,1.1742972211821527,4.319075390144255e-05
4384,10,axial-residual-strain,A36 Fe reference rod,,reference,orientation point 10,80.0,82.5,1.1742194621716582,4.1624624158296275e-05
4384,11,axial-residual-strain,A36 Fe reference rod,,reference,orientation point 11,80.0,82.5,1.173979175526878,3.566092547023954e-05
4384,12,axial-residual-strain,A36 Fe reference rod,,reference,orientation point 12,80.0,82.5,1.1739449297322244,3.5039897847469286e-05
4384,13,axial-residual-strain,A36 Fe reference rod,,reference,orientation point 13,80.0,82.5,1.173845958447024,3.5182703064974054e-05
4384,14,axial-residual-strain,A36 Fe reference rod,,reference,orientation point 14,80.0,82.5,1.1738497896946185,3.5468694935234154e-05
4384,15,axial-residual-strain,A36 Fe reference rod,,reference,orientation point 15,80.0,82.5,1.1737599681705888,3.5473350290566746e-05
4392,1,axial-residual-strain,B12W,Wire E,axial,0 mm,80.0,82.5,1.17439539879184,0.00016681977314266517
4392,2,axial-residual-strain,B12W,Wire E,axial,-10 mm,80.0,82.5,1.173878484381555,0.0001625786084050624
4392,3,axial-residual-strain,B12W,Wire E,axial,-20 mm,80.0,82.5,1.1738298186733305,0.00013931464054090358
4392,4,axial-residual-strain,B12W,Wire E,axial,-30 mm,80.0,82.5,1.1749498746438483,9.80792090942488e-05
4392,5,axial-residual-strain,B12W,Wire E,axial,-40 mm,80.0,82.5,1.1749041925643968,0.00010271502482088537
4392,6,axial-residual-strain,B12W,Wire E,axial,-50 mm,80.0,82.5,1.1749492208410135,0.00010462820673811323
4392,7,axial-residual-strain,B12W,Wire E,axial,-60 mm,80.0,82.5,1.1750359401254862,0.00011513198813263333
4392,8,axial-residual-strain,B12W,Wire E,axial,-70 mm,80.0,82.5,1.1749298523832843,0.00010854566908935385
4394,1,axial-residual-strain,B12W,Wire E,axial,-5 mm,80.0,82.5,1.1741537900364076,0.00016412279762053556
4394,2,axial-residual-strain,B12W,Wire E,axial,-23.3 mm,80.0,82.5,1.1741470194436168,0.00012830913769497097
4394,3,axial-residual-strain,B12W,Wire E,axial,-26.7 mm,80.0,82.5,1.1741821787449749,0.00011099002266003213
4396,1,axial-residual-strain,M8N,Wire C,axial,0 mm,80.0,82.5,1.174590433216304,9.674270684016394e-05
4396,2,axial-residual-strain,M8N,Wire C,axial,-10 mm,80.0,82.5,1.173734948645851,0.00012901863054710648
4396,3,axial-residual-strain,M8N,Wire C,axial,-20 mm,80.0,82.5,1.173882723532135,0.00012464750953481124
4396,4,axial-residual-strain,M8N,Wire C,axial,-30 mm,80.0,82.5,1.1739093007000208,0.00011646060607052098
4396,5,axial-residual-strain,M8N,Wire C,axial,-40 mm,80.0,82.5,1.1741139837459758,0.0001038529128593518
4396,6,axial-residual-strain,M8N,Wire C,axial,-50 mm,80.0,82.5,1.1744735162199296,9.926318337377836e-05
4396,7,axial-residual-strain,M8N,Wire C,axial,-60 mm,80.0,82.5,1.1740427821130601,0.00011992765527618373
4396,8,axial-residual-strain,M8N,Wire C,axial,-70 mm,80.0,82.5,1.174419395736876,0.00010018707230633577
4396,9,axial-residual-strain,M8N,Wire C,axial,-80 mm,80.0,82.5,1.1743279043736636,0.0001048667010847385
4399,1,axial-residual-strain,M8N,Wire C,axial,-56.6 mm,80.0,82.5,1.1742070611976092,0.00010755789190854209
4399,2,axial-residual-strain,M8N,Wire C,axial,-63.3 mm,80.0,82.5,1.174134375851516,0.00011728709557406262
4400,1,axial-residual-strain,M8N,Wire B,axial,0 mm,80.0,82.5,1.1744000511559602,0.00010055786268253136
4400,2,axial-residual-strain,M8N,Wire B,axial,-10 mm,80.0,82.5,1.1742804116401515,0.00012658429416527843
4400,3,axial-residual-strain,M8N,Wire B,axial,-20 mm,80.0,82.5,1.1743182748380518,0.0001481269820003968
4400,4,axial-residual-strain,M8N,Wire B,axial,-30 mm,80.0,82.5,1.1743150922424217,0.00013360619175802925
4400,5,axial-residual-strain,M8N,Wire B,axial,-40 mm,80.0,82.5,1.1745442178056107,0.00013453307546351558
4400,6,axial-residual-strain,M8N,Wire B,axial,-50 mm,80.0,82.5,1.1742598494062662,0.00014797776645303516
4400,7,axial-residual-strain,M8N,Wire B,axial,-60 mm,80.0,82.5,1.1743668327489334,0.00013116303032536565
4400,8,axial-residual-strain,M8N,Wire B,axial,-70 mm,80.0,82.5,1.1743538562316025,0.00014166610323920647
4400,9,axial-residual-strain,M8N,Wire B,axial,-80 mm,80.0,82.5,1.1750074131890662,0.00011958289879672857
4400,10,axial-residual-strain,M8N,Wire B,axial,-90 mm,80.0,82.5,1.1740108145474575,0.00016740882447920308
4400,11,axial-residual-strain,M8N,Wire B,axial,-100 mm,80.0,82.5,1.1744224974807218,0.00023645930147348667
4401,1,axial-residual-strain,M8N,Wire B,axial,-5 mm,80.0,82.5,1.1739085669524245,0.00014098468116381289
4401,2,axial-residual-strain,M8N,Wire B,axial,-15 mm,80.0,82.5,1.17439539879184,0.00013767784317726786
4633,1,radial-residual-strain,B12W,Wire F,axial,15.68 mm,80.5,83.0,1.1668749203092754,8.61051245548409e-05
4633,2,radial-residual-strain,B12W,Wire F,axial,0 mm,80.5,83.0,1.167613417046327,0.00029686061027563886
4633,3,radial-residual-strain,B12W,Wire F,axial,-10 mm,80.5,83.0,1.1668309721384666,0.0003465273057447901
4633,4,radial-residual-strain,B12W,Wire F,axial,-20 mm,80.5,83.0,1.1669925923068607,0.0003374394705470289
4633,5,radial-residual-strain,B12W,Wire F,axial,-30 mm,80.5,83.0,1.1675487472479287,0.000284103162924387
4633,6,radial-residual-strain,B12W,Wire F,axial,-40 mm,80.5,83.0,1.1673258124081145,0.0002665060610258657
4633,7,radial-residual-strain,B12W,Wire F,axial,-50 mm,80.5,83.0,1.1675709989736387,0.00028815746886227234
4633,8,radial-residual-strain,B12W,Wire F,axial,-60 mm,80.5,83.0,1.1677828906100287,0.0002669297559130137
4633,9,radial-residual-strain,B12W,Wire F,axial,-70 mm,80.5,83.0,1.1676219333066509,0.00026574095531473806
4633,10,radial-residual-strain,B12W,Wire F,axial,-80 mm,80.5,83.0,1.1677470456101338,0.0002715157640953978
4633,11,radial-residual-strain,B12W,Wire F,axial,-90 mm,80.5,83.0,1.1677292849711929,0.0003200240238858774
4633,12,radial-residual-strain,B12W,Wire F,axial,-100 mm,80.5,83.0,1.1671736158424015,0.0003346182407298401
4633,13,radial-residual-strain,B12W,Wire F,axial,-110 mm,80.5,83.0,1.1676222546783102,0.0002538976726853182
4633,14,radial-residual-strain,B12W,Wire F,axial,-120 mm,80.5,83.0,1.166812367715994,0.00034963256827180933
4633,15,radial-residual-strain,B12W,Wire F,axial,-130 mm,80.5,83.0,1.1664831564253109,0.00034239893466061295
4633,16,radial-residual-strain,B12W,Wire F,axial,-140 mm,80.5,83.0,1.166658110769998,0.0004238672973862215
4633,17,radial-residual-strain,B12W,Wire F,axial,-150 mm,80.5,83.0,1.166786547413506,0.00042422012967775557
4633,18,radial-residual-strain,B12W,Wire F,axial,-160 mm,80.5,83.0,1.166732345931549,0.0004363737652890216
4633,19,radial-residual-strain,B12W,Wire F,axial,-170 mm,80.5,83.0,1.1676354311258001,0.00044958694781520385
4635,1,radial-residual-strain,B12W,Wire F,radial,15.68 mm,80.5,83.25,1.1666624394613312,3.0461720424864708e-05
4635,2,radial-residual-strain,B12W,Wire F,radial,0 mm,80.5,83.25,1.1666019219552626,6.717629304401764e-05
4635,3,radial-residual-strain,B12W,Wire F,radial,-10 mm,80.5,83.25,1.1666453654355664,6.446616397713171e-05
4635,4,radial-residual-strain,B12W,Wire F,radial,-20 mm,80.5,83.25,1.1666364679764358,6.74259759732451e-05
4635,5,radial-residual-strain,B12W,Wire F,radial,-30 mm,80.5,83.25,1.1665101602380705,6.98169223468692e-05
4635,6,radial-residual-strain,B12W,Wire F,radial,-40 mm,80.5,83.25,1.166428192556328,7.637390654630872e-05
4635,7,radial-residual-strain,B12W,Wire F,radial,-50 mm,80.5,83.25,1.1664983007849292,7.833111339835943e-05
4635,8,radial-residual-strain,B12W,Wire F,radial,-60 mm,80.5,83.25,1.1665136860854453,7.698314723075675e-05
4635,9,radial-residual-strain,B12W,Wire F,radial,-70 mm,80.5,83.25,1.1664297949005844,7.894154517711755e-05
4635,10,radial-residual-strain,B12W,Wire F,radial,-80 mm,80.5,83.25,1.1666908976994468,8.408683912471398e-05
4635,11,radial-residual-strain,B12W,Wire F,radial,-90 mm,80.5,83.25,1.166817820651798,8.764379879684544e-05
4635,12,radial-residual-strain,B12W,Wire F,radial,-100 mm,80.5,83.25,1.1669361987200408,9.562226796704118e-05
4635,13,radial-residual-strain,B12W,Wire F,radial,-110 mm,80.5,83.25,1.1670767554312957,8.910113537655613e-05
4635,14,radial-residual-strain,B12W,Wire F,radial,-120 mm,80.5,83.25,1.1671449646848886,9.295483592110318e-05
4635,15,radial-residual-strain,B12W,Wire F,radial,-130 mm,80.5,83.25,1.1671901493235988,0.00010277398240642788
4635,16,radial-residual-strain,B12W,Wire F,radial,-140 mm,80.5,83.25,1.1671367789953073,9.991130687986764e-05
4635,17,radial-residual-strain,B12W,Wire F,radial,-150 mm,80.5,83.25,1.1671496193631379,0.00010375119765267534
4645,1,axial-residual-strain,B12W,Wire F,axial,15.68 mm,80.75,83.0,1.1667952074639174,0.00015812295377113568
4645,2,axial-residual-strain,B12W,Wire F,axial,0 mm,80.75,83.0,1.1664746630002112,0.000214185138113482
4645,3,axial-residual-strain,B12W,Wire F,axial,-10 mm,80.75,83.0,1.166479069944814,0.00020817469554432216
4645,4,axial-residual-strain,B12W,Wire F,axial,-20 mm,80.75,83.0,1.1666706159989118,0.0001744429584648386
4645,5,axial-residual-strain,B12W,Wire F,axial,-30 mm,80.75,83.0,1.1670114453206546,0.00014885364613113013
4645,6,axial-residual-strain,B12W,Wire F,axial,-40 mm,80.75,83.0,1.1669574557348525,0.00015862613547487056
4645,7,axial-residual-strain,B12W,Wire F,axial,-50 mm,80.75,83.0,1.1674181523309102,0.00014617403942620498
4645,8,axial-residual-strain,B12W,Wire F,axial,-60 mm,80.75,83.0,1.1674725218390836,0.00013779042886248613
4645,9,axial-residual-strain,B12W,Wire F,axial,-70 mm,80.75,83.0,1.1677577344975216,0.0001469649667864206
4645,10,axial-residual-strain,B12W,Wire F,axial,-80 mm,80.75,83.0,1.167737562461615,0.00014367041683604318
4645,11,axial-residual-strain,B12W,Wire F,axial,-90 mm,80.75,83.0,1.1675565392357712,0.00017102988995356012
4645,12,axial-residual-strain,B12W,Wire F,axial,-100 mm,80.75,83.0,1.1667867077832024,0.0002185278118690053
4645,13,axial-residual-strain,B12W,Wire F,axial,-110 mm,80.75,83.0,1.1663443182960873,0.00020437125373309452
4645,14,axial-residual-strain,B12W,Wire F,axial,-120 mm,80.75,83.0,1.166531235625834,0.00022943052324116988
4645,15,axial-residual-strain,B12W,Wire F,axial,-130 mm,80.75,83.0,1.1665108814317378,0.00023646224001454112
4645,16,axial-residual-strain,B12W,Wire F,axial,-140 mm,80.75,83.0,1.166458477887873,0.00022722100926984555
4645,17,axial-residual-strain,B12W,Wire F,axial,-150 mm,80.75,83.0,1.1666809571399788,0.00021459190249391175
4645,18,axial-residual-strain,B12W,Wire F,axial,-160 mm,80.75,83.0,1.1659808949071333,0.0002570910161221499
4645,19,axial-residual-strain,B12W,Wire F,axial,-170 mm,80.75,83.0,1.1662286679499185,0.0002423545929874015
4646,1,alignment-sensitivity,B12W,Wire F,axial,x=-170 mm; y=-1 mm; z=0 mm,80.75,83.0,1.1664354031532043,0.0002930659216108951
4646,2,alignment-sensitivity,B12W,Wire F,axial,x=-170 mm; y=0 mm; z=1 mm,80.75,83.0,1.166070780936584,0.00028868095512384187
4646,3,alignment-sensitivity,B12W,Wire F,axial,x=-170 mm; y=0 mm; z=0 mm,80.75,83.0,1.1663379903484308,0.00022192981412790983
4646,4,alignment-sensitivity,B12W,Wire F,axial,x=-170 mm; y=0 mm; z=-1 mm,80.75,83.0,1.1662831253981691,0.0002489789339650279
4646,5,alignment-sensitivity,B12W,Wire F,axial,x=-170 mm; y=1 mm; z=0 mm,80.75,83.0,1.1659281567798143,0.0002490778777640984
4646,6,alignment-sensitivity,B12W,Wire F,axial,x=-150 mm; y=-1 mm; z=0 mm,80.75,83.0,1.1661570030089845,0.00024155323547078923
4646,7,alignment-sensitivity,B12W,Wire F,axial,x=-150 mm; y=0 mm; z=1 mm,80.75,83.0,1.1660145098882628,0.0002641757171876621
4646,8,alignment-sensitivity,B12W,Wire F,axial,x=-150 mm; y=0 mm; z=0 mm,80.75,83.0,1.1664133711592302,0.00024959022251143647
4646,9,alignment-sensitivity,B12W,Wire F,axial,x=-150 mm; y=0 mm; z=-1 mm,80.75,83.0,1.1666818389543796,0.0002713239029785637
4646,10,alignment-sensitivity,B12W,Wire F,axial,x=-150 mm; y=1 mm; z=0 mm,80.75,83.0,1.1662740753665355,0.0002735227517946249
4646,11,alignment-sensitivity,B12W,Wire F,axial,x=0 mm; y=-1 mm; z=0 mm,80.75,83.0,1.1665771563552259,0.00015310421749381708
4646,12,alignment-sensitivity,B12W,Wire F,axial,x=0 mm; y=0 mm; z=1 mm,80.75,83.0,1.1666603552710966,0.0001954410847396889
4646,13,alignment-sensitivity,B12W,Wire F,axial,x=0 mm; y=0 mm; z=0 mm,80.75,83.0,1.1665187345088979,0.00020764846456287984
4646,14,alignment-sensitivity,B12W,Wire F,axial,x=0 mm; y=0 mm; z=-1 mm,80.75,83.0,1.1665879760995508,0.00019067594948077773
4646,15,alignment-sensitivity,B12W,Wire F,axial,x=0 mm; y=1 mm; z=0 mm,80.75,83.0,1.1667505459522192,0.0002177550560049758
4646,16,alignment-sensitivity,B12W,Wire F,axial,x=15.68 mm; y=-1 mm; z=0 mm,80.75,83.0,1.1668775669686358,0.00015204118423869616
4646,17,alignment-sensitivity,B12W,Wire F,axial,x=15.68 mm; y=0 mm; z=1 mm,80.75,83.0,1.1662097696485731,0.0001899595493923978
4646,18,alignment-sensitivity,B12W,Wire F,axial,x=15.68 mm; y=0 mm; z=0 mm,80.75,83.0,1.166524824750567,0.00016484562218548014
4646,19,alignment-sensitivity,B12W,Wire F,axial,x=15.68 mm; y=0 mm; z=-1 mm,80.75,83.0,1.1672317266529326,0.0001445321613000814
4646,20,alignment-sensitivity,B12W,Wire F,axial,x=15.68 mm; y=1 mm; z=0 mm,80.75,83.0,1.1667474991982685,0.000178277921150184
4667,1,axial-residual-strain,B12W,Wire D,axial,10.8 mm,80.75,83.0,1.1667394013534258,0.00012524712203774638
4667,2,axial-residual-strain,B12W,Wire D,axial,-5 mm,80.75,83.0,1.1671855744609219,0.00013304376942414788
4667,3,axial-residual-strain,B12W,Wire D,axial,-15 mm,80.75,83.0,1.1658735849369986,0.00015411135401272367
4667,4,axial-residual-strain,B12W,Wire D,axial,-25 mm,80.75,83.0,1.1665133655526532,0.00018117393170059774
4667,5,axial-residual-strain,B12W,Wire D,axial,-35 mm,80.75,83.0,1.1667336287267922,0.00014516739218639285
4667,6,axial-residual-strain,B12W,Wire D,axial,-45 mm,80.75,83.0,1.1661741374336516,0.00015768939560051564
4667,7,axial-residual-strain,B12W,Wire D,axial,-55 mm,80.75,83.0,1.1664769866561986,0.00014839613544746338
4667,8,axial-residual-strain,B12W,Wire D,axial,-65 mm,80.75,83.0,1.166405840485843,0.00018230674984652997
4667,9,axial-residual-strain,B12W,Wire D,axial,-75 mm,80.75,83.0,1.1664750636296448,0.00018559973236193262
4667,10,axial-residual-strain,B12W,Wire D,axial,-85 mm,80.75,83.0,1.1669746225547222,0.00016131939228930157
4667,11,axial-residual-strain,B12W,Wire D,axial,-95 mm,80.75,83.0,1.1671356554816146,0.00023459128410780947
4667,12,axial-residual-strain,B12W,Wire D,axial,-105 mm,80.75,83.0,1.1666888133692748,0.0001731355514005212
4667,13,axial-residual-strain,B12W,Wire D,axial,-115 mm,80.75,83.0,1.1664184183875903,0.0001946866962003504
4667,14,axial-residual-strain,B12W,Wire D,axial,-125 mm,80.75,83.0,1.1664887653842808,0.00021153658160378243
4667,15,axial-residual-strain,B12W,Wire D,axial,-135 mm,80.75,83.0,1.166675345636774,0.00020225802535850555
4678,1,axial-residual-strain,M8N,Wire A,axial,160 mm,,,1.1669710126517208,0.00018743464150711563
4678,2,axial-residual-strain,M8N,Wire A,axial,85 mm,,,1.1665560786836018,0.0001527793052561473
4678,4,axial-residual-strain,M8N,Wire A,axial,125 mm,,,1.1668454873625922,0.00018391497478232723
